{
	"replace": false,
	"values": [
		"minecraft:crafting_table",
		"minecraft:bell",
		"#minecraft:doors",
		"#minecraft:stairs",
		{
			"id": "#simplygraves:graves",
			"required": false
		},

		{
			"id": "#dramaticdoors:short_doors",
			"required": false
		},
		{
			"id": "#dramaticdoors:tall_doors",
			"required": false
		},

		{
			"id": "#adorn:chairs",
			"required": false
		},


		
		
		
		
		
		
		{
			"id": "#waystones:waystone",
			"required": false
		},
		{
			"id": "#waystones:sharestone",
			"required": false
		},
		{
			"id": "fwaystones:waystone",
			"required": false
		},
		{
			"id": "fwaystones:desert_waystone",
			"required": false
		},
		{
			"id": "fwaystones:stone_brick_waystone",
			"required": false
		},
		{
			"id": "fwaystones:red_desert_waystone",
			"required": false
		},
		{
			"id": "fwaystones:nether_brick_waystone",
			"required": false
		},
		{
			"id": "fwaystones:red_nether_brick_waystone",
			"required": false
		},
		{
			"id": "fwaystones:end_stone_brick_waystone",
			"required": false
		},
		{
			"id": "fwaystones:deepslate_brick_waystone",
			"required": false
		},
		{
			"id": "fwaystones:blackstone_brick_waystone",
			"required": false
		}
	]
}